date,ticker,horizon,predicted_return,actual_return,technical_score,uncertainty,pred_direction,actual_direction,direction_correct
2024-01-31,RELIANCE.NS,20,0.08284822039600327,3.112244686859325,50.31063973713159,0.6103665232658386,1.0,1.0,True
2024-02-28,RELIANCE.NS,20,-0.572517371785086,-2.0867340775052865,47.328263690235204,0.49278104305267334,-1.0,-1.0,True
2024-05-02,RELIANCE.NS,20,-0.39148928940946864,-0.4023072502763148,48.05437431183481,0.9704344272613525,-1.0,-1.0,True
2024-05-31,RELIANCE.NS,20,-0.6341302262321117,3.0271296353212693,47.099794468080106,1.1143680810928345,-1.0,1.0,False
2024-07-30,RELIANCE.NS,20,-1.5904928662776698,-1.301808454233407,43.331460257460904,0.5796267986297607,-1.0,-1.0,True
2024-08-28,RELIANCE.NS,20,-1.4986533568412572,-1.7353022204539326,41.46194067913603,0.4667642414569855,-1.0,-1.0,True
2024-09-25,RELIANCE.NS,20,-1.0564148388850176,-10.035469955789916,43.880411952686416,0.6164664626121521,-1.0,-1.0,True
2024-10-24,RELIANCE.NS,20,-0.4814198765857697,-6.549489978074423,47.92531971892872,0.860093355178833,-1.0,-1.0,True
2025-01-21,RELIANCE.NS,20,1.7849703429060984,-1.5741520227337744,57.170462502242046,0.6857380867004395,1.0,-1.0,False
2025-03-19,RELIANCE.NS,20,3.2514720010362823,-5.207875659725604,64.48281970633913,0.8439368605613708,1.0,-1.0,False
2025-04-22,RELIANCE.NS,20,1.1525829091704456,11.25309230289823,54.23546938299148,0.6841327548027039,1.0,1.0,True
2025-05-21,RELIANCE.NS,20,-0.5398917189337565,0.65071773781451,47.7849671560273,0.7307026386260986,-1.0,1.0,False
2025-06-18,RELIANCE.NS,20,-0.6800027208455448,7.516958721031128,46.5529315880089,0.6974263787269592,-1.0,1.0,False
2025-07-16,RELIANCE.NS,20,0.5327517312325802,-6.320680516188346,52.72858782506682,0.8925419449806213,1.0,-1.0,False
2025-08-13,RELIANCE.NS,20,0.9006913392779149,-0.7697317387161635,54.06481074472656,1.1243630647659302,1.0,-1.0,False
2024-01-31,TCS.NS,20,0.8127564182453961,5.626372024177844,53.803161675039455,0.30877527594566345,1.0,1.0,True
2024-02-28,TCS.NS,20,0.5640172431958504,-3.4389912075610396,52.318636234520575,0.6449291110038757,1.0,-1.0,False
2024-05-02,TCS.NS,20,2.345195245640746,-0.08925355083332545,59.60073293315291,0.7134736180305481,1.0,-1.0,False
2024-05-31,TCS.NS,20,3.035572004527898,3.168115482047032,62.639698747492524,1.106405258178711,1.0,1.0,True
2024-07-30,TCS.NS,20,-0.6160077013559715,2.8554243316032935,47.219532182103414,0.528727114200592,-1.0,1.0,False
2024-08-28,TCS.NS,20,-1.321165925740014,-0.008868683128696058,43.62993704500446,0.24663300812244415,-1.0,-1.0,True
2024-09-25,TCS.NS,20,-0.9478590240056356,-3.694953724065761,45.875840803602166,0.675268292427063,-1.0,-1.0,True
2024-10-24,TCS.NS,20,-1.2612430196352995,2.530941274940237,44.6705928515806,1.1093988418579102,-1.0,1.0,False
2025-01-21,TCS.NS,20,-2.4510866979118298,0.027254106371412616,41.43228309347099,1.058007836341858,-1.0,1.0,False
2025-03-19,TCS.NS,20,-0.762928530113295,-5.837702424012722,46.83301550934439,1.284260869026184,-1.0,-1.0,True
2025-04-22,TCS.NS,20,1.1441257778682683,9.232438748593276,53.813450914647454,0.9932621121406555,1.0,1.0,True
2025-05-21,TCS.NS,20,0.3829984388918184,-0.9110097642865486,51.46514622549093,1.207946538925171,1.0,-1.0,False
2025-06-18,TCS.NS,20,-0.5038384551483353,-1.3096177125674515,47.62428500704155,0.8492124080657959,-1.0,-1.0,True
2025-07-16,TCS.NS,20,1.6767829649561243,-5.233367466121755,57.997676222026705,1.0662370920181274,1.0,-1.0,False
2025-08-13,TCS.NS,20,-0.14732785224945383,2.4800759705518876,49.214081040086796,1.1097934246063232,-1.0,1.0,False
2024-01-31,HDFCBANK.NS,20,2.2120041295192143,-0.5640889412671812,57.1354955801193,0.8197942972183228,1.0,-1.0,False
2024-02-28,HDFCBANK.NS,20,3.3143530015561815,2.8345424513565463,63.30804432835029,1.104600191116333,1.0,1.0,True
2024-05-02,HDFCBANK.NS,20,1.9349261182882675,-3.4670560392930234,59.775533796775484,0.5055105090141296,1.0,-1.0,False
2024-05-31,HDFCBANK.NS,20,1.8378318856621434,8.997418154379035,58.938947487266205,0.8340950608253479,1.0,1.0,True
2024-07-30,HDFCBANK.NS,20,1.3367892720065935,0.9903675739184035,55.632651687977685,0.6563815474510193,1.0,1.0,True
2024-08-28,HDFCBANK.NS,20,1.6324152254136572,1.9363505698156092,58.443837579987026,0.9422719478607178,1.0,1.0,True
2024-09-25,HDFCBANK.NS,20,0.9041679836340076,-5.339779595470463,55.604782827991485,0.6484460830688477,1.0,-1.0,False
2024-10-24,HDFCBANK.NS,20,0.8041643775509134,-3.903641188473237,53.52481956550832,0.6987888813018799,1.0,-1.0,False
2025-01-21,HDFCBANK.NS,20,4.088757045248841,4.4660300512967845,66.28648566796458,1.6683974266052246,1.0,1.0,True
2025-03-19,HDFCBANK.NS,20,3.4424453006034788,1.4362723952706076,67.11735160321241,0.9569634795188904,1.0,1.0,True
2025-04-22,HDFCBANK.NS,20,3.012635997763579,-0.22939063398520754,61.53743116212696,1.515105128288269,1.0,-1.0,False
2025-05-21,HDFCBANK.NS,20,1.4253891341427571,1.9981334077316215,56.434041291242984,1.11295485496521,1.0,1.0,True
2025-06-18,HDFCBANK.NS,20,0.07957496771899474,4.62886394934446,50.44345073517588,0.8852238655090332,1.0,1.0,True
2025-07-16,HDFCBANK.NS,20,0.08130586960248,-0.6902124146406561,50.500767084040824,0.8187416195869446,1.0,-1.0,False
2025-08-13,HDFCBANK.NS,20,2.0787855717045756,-4.610414915767603,61.5681574826731,1.3806935548782349,1.0,-1.0,False
2024-01-31,INFY.NS,20,0.379016279965527,1.466065664210057,51.56066568620242,0.44561898708343506,1.0,1.0,True
2024-02-28,INFY.NS,20,0.9650713612894081,-6.56994542255529,54.28370642367284,0.38684746623039246,1.0,-1.0,False
2024-05-02,INFY.NS,20,8.127628481669435,2.8526973093868273,80.40654530373124,1.4217637777328491,1.0,1.0,True
2024-05-31,INFY.NS,20,7.507663434328322,7.7119922602249975,77.20475775318656,2.679788589477539,1.0,1.0,True
2024-07-30,INFY.NS,20,0.3663481449637794,-0.6579060080681449,51.55392766595958,0.8509731292724609,1.0,-1.0,False
2024-08-28,INFY.NS,20,-1.0488114686124423,0.6936169281075657,44.884371014478155,0.28279876708984375,-1.0,1.0,False
2024-09-25,INFY.NS,20,-1.2631547219691144,3.376778852393103,44.23804864763004,0.3423420190811157,-1.0,1.0,False
2024-10-24,INFY.NS,20,-1.5573007541576802,1.4127190350978025,44.30493522614694,0.4879583418369293,-1.0,1.0,False
2025-01-21,INFY.NS,20,-1.7267516348731091,4.420510847592914,44.32972058792104,0.709966242313385,-1.0,1.0,False
2025-03-19,INFY.NS,20,1.783205260833836,-9.94295847818296,55.32590370541249,1.6100270748138428,1.0,-1.0,False
2025-04-22,INFY.NS,20,4.136123074487011,14.34495166932643,60.1418503496712,0.9525194764137268,1.0,1.0,True
2025-05-21,INFY.NS,20,2.520449399255187,3.1849497829295617,58.075467407736916,1.5148991346359253,1.0,1.0,True
2025-06-18,INFY.NS,20,-0.7288666801372655,0.3551872357262678,47.021640082749904,1.0833203792572021,-1.0,1.0,False
2025-07-16,INFY.NS,20,2.755040379421719,-9.179676645383742,60.62982134493849,1.5588405132293701,1.0,-1.0,False
2025-08-13,INFY.NS,20,1.2349757335017282,5.053970311441862,54.84195038526502,1.7229931354522705,1.0,1.0,True
2024-01-31,ICICIBANK.NS,20,1.4065929089789637,2.0036023668559078,55.352439025679544,0.5426455140113831,1.0,1.0,True
2024-02-28,ICICIBANK.NS,20,2.0228457932129924,3.608299749983812,58.11174095568866,0.8213695883750916,1.0,1.0,True
2024-05-02,ICICIBANK.NS,20,1.7372720843302838,-2.4880444877136894,57.16718944541634,0.7267122864723206,1.0,-1.0,False
2024-05-31,ICICIBANK.NS,20,1.9024935796538862,3.188974469478187,58.140587323550875,0.8727771639823914,1.0,1.0,True
2024-07-30,ICICIBANK.NS,20,1.8350940008074297,-1.93698604364307,56.495494454153075,1.250512719154358,1.0,-1.0,False
2024-08-28,ICICIBANK.NS,20,1.2190096366007093,3.6156354017866295,55.9185722411207,0.6605309247970581,1.0,1.0,True
2024-09-25,ICICIBANK.NS,20,0.3948435986209214,-5.162972954966572,51.78175082468175,0.8378055691719055,1.0,-1.0,False
2024-10-24,ICICIBANK.NS,20,1.0223964877054195,0.07582521041937763,54.30212579337812,0.5856479406356812,1.0,1.0,True
2025-01-21,ICICIBANK.NS,20,2.8302198205889812,5.555320737269087,61.15958617395746,0.9137616157531738,1.0,1.0,True
2025-03-19,ICICIBANK.NS,20,3.4438538206352387,-1.005250900998253,67.27573763902598,0.7038538455963135,1.0,-1.0,False
2025-04-22,ICICIBANK.NS,20,2.0781649350144535,2.2590825607764127,58.21691898861508,1.3662769794464111,1.0,1.0,True
2025-05-21,ICICIBANK.NS,20,-0.5241403698410646,-1.5089623429523034,47.71536053660586,1.1824195384979248,-1.0,-1.0,True
2025-06-18,ICICIBANK.NS,20,-0.9661396602284921,2.081271663857397,44.61083070097629,0.34399181604385376,-1.0,1.0,False
2025-07-16,ICICIBANK.NS,20,1.3697272181140554,1.261910016362245,58.32365738631228,0.9167692065238953,1.0,1.0,True
2025-08-13,ICICIBANK.NS,20,1.4452121648419272,-1.8721914936721564,58.89450640131832,0.9389318823814392,1.0,-1.0,False
2024-01-31,HINDUNILVR.NS,20,1.0746225279461292,-3.1210457002038545,54.4919411856205,0.7030367255210876,1.0,-1.0,False
2024-02-28,HINDUNILVR.NS,20,2.1693091777626794,-6.384367260258585,61.670356045625084,0.8057126402854919,1.0,-1.0,False
2024-05-02,HINDUNILVR.NS,20,4.132802205320833,6.315395214039785,69.27606793244973,1.8825241327285767,1.0,1.0,True
2024-05-31,HINDUNILVR.NS,20,2.2798202061066357,7.613956894394155,60.64556999532802,0.9846793413162231,1.0,1.0,True
2024-07-30,HINDUNILVR.NS,20,-1.3000758626146176,1.900508277643111,44.35799156705743,0.2684953212738037,-1.0,1.0,False
2024-08-28,HINDUNILVR.NS,20,-1.7527323662460395,3.9484683765558573,40.91095957977393,0.46032699942588806,-1.0,1.0,False
2024-09-25,HINDUNILVR.NS,20,-1.5893591229403752,-5.67998358859578,43.31733242872138,0.454842746257782,-1.0,-1.0,True
2024-10-24,HINDUNILVR.NS,20,-1.544796724433197,-0.45781571677319144,45.2261308725691,0.8603711724281311,-1.0,-1.0,True
2025-01-21,HINDUNILVR.NS,20,1.635830396782518,0.8951094595761764,56.740825562217914,0.8448305130004883,1.0,1.0,True
2025-03-19,HINDUNILVR.NS,20,2.023755034549613,4.054454355079203,58.21497051723621,0.7189396023750305,1.0,1.0,True
2025-04-22,HINDUNILVR.NS,20,1.2124335754093234,-0.6753710015783154,54.66704576241521,1.3486602306365967,1.0,-1.0,False
2025-05-21,HINDUNILVR.NS,20,-0.20440922310878565,1.3240931583821876,49.098503176410276,0.7887877821922302,-1.0,1.0,False
2025-06-18,HINDUNILVR.NS,20,-0.8532521339748579,5.247983399405165,45.63295607319866,0.8557348847389221,-1.0,1.0,False
2025-07-16,HINDUNILVR.NS,20,0.6253363482200577,0.6792153647810194,53.44391973619693,0.4930044412612915,1.0,1.0,True
2025-08-13,HINDUNILVR.NS,20,0.5182846014812729,7.290287053000241,52.16967256140812,0.5680111050605774,1.0,1.0,True
2024-01-31,SBIN.NS,20,4.710494872728375,18.672911818528195,64.90533505195462,2.0020694732666016,1.0,1.0,True
2024-02-28,SBIN.NS,20,1.0764438159578933,-2.518516762814662,53.578957270764185,0.7842980027198792,1.0,-1.0,False
2024-05-02,SBIN.NS,20,-0.17705164767828224,0.2927708971634216,49.29242041116676,0.5225221514701843,-1.0,1.0,False
2024-05-31,SBIN.NS,20,-0.23677451237542538,1.6137773625480443,49.06477327113078,0.6860532760620117,-1.0,1.0,False
2024-07-30,SBIN.NS,20,-1.5058016326664483,-6.7713095651665265,44.36059163491163,0.823643684387207,-1.0,-1.0,True
2024-08-28,SBIN.NS,20,-0.7612985047944961,-3.274025912887922,46.742766169787565,1.1373060941696167,-1.0,-1.0,True
2024-09-25,SBIN.NS,20,0.13779102120786,1.456316738822686,50.61524782464362,0.8581666350364685,1.0,1.0,True
2024-10-24,SBIN.NS,20,0.15189600398344325,1.774596999856915,50.58321309666346,1.7250877618789673,1.0,1.0,True
2025-01-21,SBIN.NS,20,1.4695245513056787,-2.931294203531566,54.85260483842627,0.4434463083744049,1.0,-1.0,False
2025-03-19,SBIN.NS,20,4.577632860549958,3.1539470881644722,67.55001591418734,1.6066867113113403,1.0,1.0,True
2025-04-22,SBIN.NS,20,0.6638746762575302,-2.523103236194308,52.2142115436425,1.334760308265686,1.0,-1.0,False
2025-05-21,SBIN.NS,20,-2.0175690935235315,3.805109025030231,42.63876559771704,0.9992932677268982,-1.0,1.0,False
2025-06-18,SBIN.NS,20,0.7961933143143407,2.6202802576440387,53.93947278305738,0.9969886541366577,1.0,1.0,True
2025-07-16,SBIN.NS,20,2.2165834913233002,-3.739333433285097,62.1039916516748,1.21817946434021,1.0,-1.0,False
2025-08-13,SBIN.NS,20,2.1728282387398936,-2.1840909782929168,61.99638630608501,1.0270073413848877,1.0,-1.0,False
2024-01-31,BHARTIARTL.NS,20,2.9060173532635627,-2.284959140026872,59.98238958080165,1.1757694482803345,1.0,-1.0,False
2024-02-28,BHARTIARTL.NS,20,4.091359622518748,8.823927084266572,64.07792110199492,1.0788654088974,1.0,1.0,True
2024-05-02,BHARTIARTL.NS,20,3.2749592968298225,3.3625934566554467,61.83279234524336,1.4527161121368408,1.0,1.0,True
2024-05-31,BHARTIARTL.NS,20,1.693434082002374,0.6119003679805773,56.474356840059,0.79453045129776,1.0,1.0,True
2024-07-30,BHARTIARTL.NS,20,1.8430406365113037,0.509418012187174,56.17138069031301,1.45310640335083,1.0,1.0,True
2024-08-28,BHARTIARTL.NS,20,0.7743330371701569,6.772260526544108,53.148388479301914,0.8204429745674133,1.0,1.0,True
2024-09-25,BHARTIARTL.NS,20,-0.27330692259939965,-2.4511529694118233,48.792662639878486,0.41158413887023926,-1.0,-1.0,True
2024-10-24,BHARTIARTL.NS,20,0.5511297092822286,-7.6260858494670085,52.33537493879186,0.35899364948272705,1.0,-1.0,False
2025-01-21,BHARTIARTL.NS,20,2.970305751008442,4.114010021513168,61.26552269653267,1.4406534433364868,1.0,1.0,True
2025-03-19,BHARTIARTL.NS,20,1.3022526046317622,5.085056828985538,54.22546955804912,2.4453794956207275,1.0,1.0,True
2025-04-22,BHARTIARTL.NS,20,-0.35161259750223967,1.0042181962404604,48.860232825990565,1.2020643949508667,-1.0,1.0,False
2025-05-21,BHARTIARTL.NS,20,-1.450207397105051,1.8984891540281053,44.65610740451034,0.7969046235084534,-1.0,1.0,False
2025-06-18,BHARTIARTL.NS,20,1.4798302396726863,8.794675912121386,57.12190490412624,0.8325873613357544,1.0,1.0,True
2025-07-16,BHARTIARTL.NS,20,3.332376613768008,0.5860637763695647,63.300986293047465,2.2981512546539307,1.0,1.0,True
2025-08-13,BHARTIARTL.NS,20,3.9863648704903416,1.0602938041636343,66.28961501531738,1.640622615814209,1.0,1.0,True
2024-01-31,ITC.NS,20,0.8466483955910091,-6.677766681864582,53.28401355889161,0.8850075602531433,1.0,-1.0,False
2024-02-28,ITC.NS,20,2.8564444178315385,0.30613987388639385,61.58256837392617,0.39664989709854126,1.0,1.0,True
2024-05-02,ITC.NS,20,2.3541307778888267,0.2050051258600463,60.550573233100444,1.4134043455123901,1.0,1.0,True
2024-05-31,ITC.NS,20,2.246694262763227,1.021911735089087,60.33751084009932,0.7704347968101501,1.0,1.0,True
2024-07-30,ITC.NS,20,-1.551873221927966,2.357620620970443,43.916745336696884,0.05627898499369621,-1.0,1.0,False
2024-08-28,ITC.NS,20,-1.8286728123631772,2.1013485524922904,40.9000688427559,0.15917475521564484,-1.0,1.0,False
2024-09-25,ITC.NS,20,-1.6947484055887418,-3.671144498873883,41.36641820125169,0.7657020688056946,-1.0,-1.0,True
2024-10-24,ITC.NS,20,-1.114238815012782,0.10600895912574568,44.92117457288592,0.41452914476394653,-1.0,1.0,False
2025-01-21,ITC.NS,20,-0.10079844522185444,-2.365441940759402,49.624254950104216,0.5606120228767395,-1.0,-1.0,True
2025-03-19,ITC.NS,20,3.1989854806351823,2.3570268260781257,63.251278797883046,0.8874924182891846,1.0,1.0,True
2025-04-22,ITC.NS,20,2.015423824414221,0.4381931415852768,58.33336470761441,1.2395992279052734,1.0,1.0,True
2025-05-21,ITC.NS,20,0.6677199342968186,0.4312923575327295,52.84918589849744,1.4273107051849365,1.0,1.0,True
2025-06-18,ITC.NS,20,3.1127304237755467,0.3125795454737236,64.53842482519572,1.824210286140442,1.0,1.0,True
2025-07-16,ITC.NS,20,2.16653675962327,-2.461142735943245,62.754241446849115,1.7744801044464111,1.0,-1.0,False
2025-08-13,ITC.NS,20,1.981198349726972,-1.7749350386820062,62.87264560008283,1.2227227687835693,1.0,-1.0,False
2024-01-31,KOTAKBANK.NS,20,0.6868017220973142,-3.437886108987962,52.817456018969466,0.43671029806137085,1.0,-1.0,False
2024-02-28,KOTAKBANK.NS,20,1.640623667189719,3.923142403150449,56.88752444728132,0.7539811134338379,1.0,1.0,True
2024-05-02,KOTAKBANK.NS,20,2.226537634620942,7.863421474685615,55.722875281082395,2.158160924911499,1.0,1.0,True
2024-05-31,KOTAKBANK.NS,20,1.4618450613353793,5.108901173868378,56.3084873345373,0.6181830167770386,1.0,1.0,True
2024-07-30,KOTAKBANK.NS,20,0.5008659249946524,-0.2659412690394126,51.76883689240513,0.7392426133155823,1.0,-1.0,False
2024-08-28,KOTAKBANK.NS,20,0.6335808541497987,3.089934382089194,53.15164107421162,0.6698428988456726,1.0,1.0,True
2024-09-25,KOTAKBANK.NS,20,0.9523029709762293,-0.14489281170805007,55.24479795953842,0.24576859176158905,1.0,-1.0,False
2024-10-24,KOTAKBANK.NS,20,2.102668104272182,-4.219152682474489,57.43949479565449,0.9250060319900513,1.0,-1.0,False
2025-01-21,KOTAKBANK.NS,20,2.408974281372765,3.530875057739285,58.68440599547734,0.3464672267436981,1.0,1.0,True
2025-03-19,KOTAKBANK.NS,20,1.2393674956948895,1.662083538298024,55.27612678585939,1.412318229675293,1.0,1.0,True
2025-04-22,KOTAKBANK.NS,20,0.2026366839406563,-5.45663075208814,50.71288509914373,0.8774290680885315,1.0,-1.0,False
2025-05-21,KOTAKBANK.NS,20,-1.22688205060981,3.852648161642146,45.264528899487146,0.50385981798172,-1.0,1.0,False
2025-06-18,KOTAKBANK.NS,20,1.7473133582710287,4.319087105586485,56.66203297030131,2.406425714492798,1.0,1.0,True
2025-07-16,KOTAKBANK.NS,20,2.5649938091738598,-7.9880070098924,60.56106742384819,1.4620274305343628,1.0,-1.0,False
2025-08-13,KOTAKBANK.NS,20,0.32396783081246167,-2.2739826071448443,51.308665564912545,0.6141638159751892,1.0,-1.0,False
2024-01-01,RELIANCE.NS,60,0.7094934470325335,15.210885901383195,52.27566186020223,2.036109447479248,1.0,1.0,True
2024-04-01,RELIANCE.NS,60,-4.340173493610053,-3.662176462593361,38.80078582078658,1.9151078462600708,-1.0,-1.0,True
2024-05-02,RELIANCE.NS,60,-1.639816247975325,6.382319678885392,45.757292691763965,3.172713041305542,-1.0,1.0,False
2024-05-31,RELIANCE.NS,60,-2.298643629003549,5.785090715107664,44.39506773051507,3.1420326232910156,-1.0,1.0,False
2024-07-01,RELIANCE.NS,60,-5.781269328414859,-2.9100608756406636,37.733379643486195,2.17516827583313,-1.0,-1.0,True
2024-10-24,RELIANCE.NS,60,-0.8980137198524372,-8.769965846080414,47.82635320127066,1.936514139175415,-1.0,-1.0,True
2024-11-25,RELIANCE.NS,60,2.250855219192467,-3.162383061761826,54.85204271942976,1.0369988679885864,1.0,-1.0,False
2024-12-23,RELIANCE.NS,60,6.036344042718004,0.4786002556839546,62.97902811706129,2.747729778289795,1.0,1.0,True
2025-09-12,RELIANCE.NS,60,8.500381109742253,7.053765190972222,73.93966161729477,1.817436933517456,1.0,1.0,True
2024-01-01,TCS.NS,60,2.8362895283763496,8.180683236863013,56.871551743268654,2.6541566848754883,1.0,1.0,True
2024-04-01,TCS.NS,60,4.140385657233324,-5.5944090181405715,58.791037539966396,1.4147427082061768,1.0,-1.0,False
2024-05-02,TCS.NS,60,7.359716975815257,3.722573279276452,65.87942547936278,2.508256435394287,1.0,1.0,True
2024-05-31,TCS.NS,60,9.049490520416423,19.192286721964013,69.9671188151213,2.892385959625244,1.0,1.0,True
2024-07-01,TCS.NS,60,5.941387033886964,14.73347611237325,63.757916276524696,3.0820841789245605,1.0,1.0,True
2024-10-24,TCS.NS,60,-3.4988188152084425,2.727335762239097,41.75445791472243,2.424370288848877,-1.0,1.0,False
2024-11-25,TCS.NS,60,-6.900136035519197,-2.000993412611188,35.5172851518167,1.6043213605880737,-1.0,-1.0,True
2024-12-23,TCS.NS,60,-7.121667304813076,-7.277854901472371,36.3405745450304,2.5939230918884277,-1.0,-1.0,True
2025-09-12,TCS.NS,60,-0.8195089859408541,-2.394704003748891,47.95807840860044,4.18398380279541,-1.0,-1.0,True
2024-01-01,HDFCBANK.NS,60,-2.0830970438139347,-15.744059134402807,43.40301058904803,2.640199899673462,-1.0,-1.0,True
2024-04-01,HDFCBANK.NS,60,7.302787203410185,5.5738830384220455,71.54771894977716,0.9092227816581726,1.0,1.0,True
2024-05-02,HDFCBANK.NS,60,5.316903242700616,12.80699823088089,64.05572569583033,2.108140707015991,1.0,1.0,True
2024-05-31,HDFCBANK.NS,60,4.883812493263817,5.4846508183249405,62.935558530353276,2.1509246826171875,1.0,1.0,True
2024-07-01,HDFCBANK.NS,60,1.7106879484477606,-4.005384432379236,54.20788115384762,2.0479273796081543,1.0,-1.0,False
2024-10-24,HDFCBANK.NS,60,2.268823146726722,2.934872750455806,55.6517464075737,1.4277069568634033,1.0,1.0,True
2024-11-25,HDFCBANK.NS,60,2.409410855484477,-7.605274189245836,55.83676556020273,0.940911591053009,1.0,-1.0,False
2024-12-23,HDFCBANK.NS,60,5.0023914829142395,-6.0244315030028455,62.01347105545174,2.6900200843811035,1.0,-1.0,False
2025-09-12,HDFCBANK.NS,60,9.691856374556009,2.522487824044596,80.52679740034819,1.440581202507019,1.0,1.0,True
2024-01-01,INFY.NS,60,1.294278975319023,6.661924506379475,53.12501747779718,1.6928479671478271,1.0,1.0,True
2024-04-01,INFY.NS,60,13.769000989659828,-4.038972858466535,75.04552105317298,3.588712215423584,1.0,-1.0,False
2024-05-02,INFY.NS,60,24.567677736247354,14.717996309152648,92.07456664906485,3.4439895153045654,1.0,1.0,True
2024-05-31,INFY.NS,60,20.248565393732374,33.424542034291036,84.84419726659671,6.864286422729492,1.0,1.0,True
2024-07-01,INFY.NS,60,12.640985484198882,22.183804462508096,76.043626731283,4.203188896179199,1.0,1.0,True
2024-10-24,INFY.NS,60,-5.3603837833332815,4.446849506732942,39.19461881663191,1.5602874755859375,-1.0,1.0,False
2024-11-25,INFY.NS,60,-7.699961457866271,-0.7540841625232941,33.844770563601514,1.0550206899642944,-1.0,-1.0,True
2024-12-23,INFY.NS,60,-5.883986249137142,-5.679988065904527,38.69568624610523,4.264066696166992,-1.0,-1.0,True
2025-09-12,INFY.NS,60,3.114870986952243,1.8436830636802788,56.73688077355372,1.7527046203613281,1.0,1.0,True
2024-01-01,ICICIBANK.NS,60,5.516854168706706,8.755250742018799,66.16487071749985,1.1278084516525269,1.0,1.0,True
2024-04-01,ICICIBANK.NS,60,4.593005375373973,1.9460781924428776,61.27891189912004,2.464229106903076,1.0,1.0,True
2024-05-02,ICICIBANK.NS,60,4.917887701327821,6.353944140353505,60.73160851280783,2.6588363647460938,1.0,1.0,True
2024-05-31,ICICIBANK.NS,60,5.630454752923813,7.885451867946324,63.25107110925017,2.108941078186035,1.0,1.0,True
2024-07-01,ICICIBANK.NS,60,4.604515524379793,2.3048976823353255,58.65083707453168,3.2864151000976562,1.0,1.0,True
2024-10-24,ICICIBANK.NS,60,3.222983425402084,3.5162689361728874,57.585319011300875,1.4731303453445435,1.0,1.0,True
2024-11-25,ICICIBANK.NS,60,5.853406375293269,-7.052539581245032,63.77471336128726,0.7783634066581726,1.0,-1.0,False
2024-12-23,ICICIBANK.NS,60,7.936953917890021,-4.923666124298677,69.62803606466437,1.9603126049041748,1.0,-1.0,False
2025-09-12,ICICIBANK.NS,60,4.400289250636676,-4.189878280989561,66.08783239090646,1.5395102500915527,1.0,-1.0,False
2024-01-01,HINDUNILVR.NS,60,-2.9495704586269724,-9.230633520510455,40.81123837641741,3.1612911224365234,-1.0,-1.0,True
2024-04-01,HINDUNILVR.NS,60,11.701837850999187,1.887673383581956,79.58422307556096,2.3679416179656982,1.0,1.0,True
2024-05-02,HINDUNILVR.NS,60,10.750260157425634,13.619296262906916,77.15107021027619,3.5016303062438965,1.0,1.0,True
2024-05-31,HINDUNILVR.NS,60,5.419342953188324,16.68367175568856,64.5329900391782,1.6246225833892822,1.0,1.0,True
2024-07-01,HINDUNILVR.NS,60,1.4213975509390095,10.893782917993311,53.23498722214066,1.896936058998108,1.0,1.0,True
2024-10-24,HINDUNILVR.NS,60,-5.010851642509192,-5.548101125119728,41.35470989281645,2.1240475177764893,-1.0,-1.0,True
2024-11-25,HINDUNILVR.NS,60,-3.265629275633876,-4.181747792863599,42.597677029164785,1.274524211883545,-1.0,-1.0,True
2024-12-23,HINDUNILVR.NS,60,0.40613556053519584,-4.1579368801887036,50.99922039076981,1.1492044925689697,1.0,-1.0,False
2025-09-12,HINDUNILVR.NS,60,7.01870287570994,-5.189588117498835,64.57994371772257,3.1233508586883545,1.0,-1.0,False
2024-01-01,SBIN.NS,60,14.19254576848199,19.92671704729832,76.9478198649447,4.929389953613281,1.0,1.0,True
2024-04-01,SBIN.NS,60,4.714395906479321,11.337821855444478,60.11543152145562,1.4793579578399658,1.0,1.0,True
2024-05-02,SBIN.NS,60,-0.2561381298980056,3.134657452787947,49.414662253479875,1.0726280212402344,-1.0,1.0,False
2024-05-31,SBIN.NS,60,-0.8428304347347223,5.112299481279421,48.1311800694355,1.6814541816711426,-1.0,1.0,False
2024-07-01,SBIN.NS,60,-2.062200376415595,-3.1296444110592834,46.250049835865305,3.1183369159698486,-1.0,-1.0,True
2024-10-24,SBIN.NS,60,0.6669673712350876,3.347817344736867,51.412734932543394,3.822566509246826,1.0,1.0,True
2024-11-25,SBIN.NS,60,-0.27508254467320464,-11.87754859185496,49.527696326717624,1.9764281511306763,-1.0,-1.0,True
2024-12-23,SBIN.NS,60,5.518717071822514,-12.074536949456343,61.26176928510571,3.1473240852355957,1.0,-1.0,False
2025-09-12,SBIN.NS,60,5.735803390596034,15.754963502302633,71.45273683748923,1.5192773342132568,1.0,1.0,True
2024-01-01,BHARTIARTL.NS,60,15.615342743440856,11.41602924164383,83.89182518630469,1.6408344507217407,1.0,1.0,True
2024-04-01,BHARTIARTL.NS,60,12.904023170662446,12.765443652311061,72.00361354116652,5.453427314758301,1.0,1.0,True
2024-05-02,BHARTIARTL.NS,60,10.500836381157068,11.498790897327217,68.94362270616408,4.922657489776611,1.0,1.0,True
2024-05-31,BHARTIARTL.NS,60,4.549675218450381,7.109803849788617,59.12093208602551,3.1072452068328857,1.0,1.0,True
2024-07-01,BHARTIARTL.NS,60,6.878963962569536,9.897212502917778,60.148430925191875,3.885347843170166,1.0,1.0,True
2024-10-24,BHARTIARTL.NS,60,1.3987309842115059,-5.45443825064895,53.35177351219909,0.953023374080658,1.0,-1.0,False
2024-11-25,BHARTIARTL.NS,60,4.958156691891029,4.183691791693009,59.23669603275552,3.151655673980713,1.0,1.0,True
2024-12-23,BHARTIARTL.NS,60,8.61514108204628,3.2988864195056387,66.15393075100167,2.115711212158203,1.0,1.0,True
2025-09-12,BHARTIARTL.NS,60,8.892854932951542,7.342587776453876,75.4770709907536,1.3662155866622925,1.0,1.0,True
2024-01-01,ITC.NS,60,-1.1324769798555265,-11.224378062669132,47.018199645942914,3.3495774269104004,-1.0,-1.0,True
2024-04-01,ITC.NS,60,8.849438670626279,-0.05858320362324313,70.0494595170493,1.9875235557556152,1.0,-1.0,False
2024-05-02,ITC.NS,60,6.379391272118755,-0.5330499222246708,65.14009442871186,3.6072869300842285,1.0,-1.0,False
2024-05-31,ITC.NS,60,6.24413412057959,16.916224454561117,65.24568307626294,2.4175307750701904,1.0,1.0,True
2024-07-01,ITC.NS,60,5.071014534069401,16.979381235448198,63.180232907602864,3.11700439453125,1.0,1.0,True
2024-10-24,ITC.NS,60,-3.0599360433891034,0.5405995104807582,42.58953982599694,1.9773621559143066,-1.0,1.0,False
2024-11-25,ITC.NS,60,-3.845909843466575,-7.382550735515834,40.61524848916588,0.9540737867355347,-1.0,-1.0,True
2024-12-23,ITC.NS,60,-2.945525829996322,-14.132221876210311,43.121713172134655,1.3174742460250854,-1.0,-1.0,True
2025-09-12,ITC.NS,60,3.0413169426038826,-1.6676722408421452,58.790268799713004,2.9248809814453125,1.0,-1.0,False
2024-01-01,KOTAKBANK.NS,60,-1.8237836945719683,-9.504228965699504,44.694092179381975,1.9830775260925293,-1.0,-1.0,True
2024-04-01,KOTAKBANK.NS,60,2.482781818476087,-6.159596591475081,56.232838975336776,2.4876132011413574,1.0,-1.0,False
2024-05-02,KOTAKBANK.NS,60,6.913137973432782,14.75263311759026,59.40078165809927,6.010115146636963,1.0,1.0,True
2024-05-31,KOTAKBANK.NS,60,3.9057775022550407,6.406665341578006,59.51600535896642,1.3430975675582886,1.0,1.0,True
2024-07-01,KOTAKBANK.NS,60,1.3483875860916024,-1.4019163662511835,53.05318284823812,1.3520357608795166,1.0,-1.0,False
2024-10-24,KOTAKBANK.NS,60,6.549298276040707,-0.956189533803855,62.89634935094814,2.086336612701416,1.0,-1.0,False
2024-11-25,KOTAKBANK.NS,60,5.823027946101878,5.330162636414697,63.36040255391047,2.387155294418335,1.0,1.0,True
2024-12-23,KOTAKBANK.NS,60,9.574992180548984,11.900199706738276,70.74074375239168,4.291705131530762,1.0,1.0,True
2025-09-12,KOTAKBANK.NS,60,5.270781041346947,5.810467508922713,65.01819998846794,1.8103679418563843,1.0,1.0,True
2024-01-01,RELIANCE.NS,120,4.696023047971619,13.27091677574989,60.01388883357163,3.8087027072906494,1.0,1.0,True
2024-01-31,RELIANCE.NS,120,2.1028775087315923,-0.12442841370883045,53.02316084541104,3.1565024852752686,1.0,-1.0,False
2024-02-28,RELIANCE.NS,120,-2.3284306588061803,5.147272885484084,45.738466938237195,2.0385310649871826,-1.0,1.0,False
2024-04-01,RELIANCE.NS,120,-7.823485417419161,1.9110540220059562,36.42282777855948,3.6694750785827637,-1.0,1.0,False
2024-05-02,RELIANCE.NS,120,-3.7813647835394897,3.2865294153111706,43.45560486185801,5.669091701507568,-1.0,1.0,False
2024-07-01,RELIANCE.NS,120,-11.629352075842547,-13.81931903022721,33.363120531292026,3.963118553161621,-1.0,-1.0,True
2024-07-30,RELIANCE.NS,120,-12.400423235728566,-14.24583970355277,30.938135292854785,3.1421024799346924,-1.0,-1.0,True
2024-08-28,RELIANCE.NS,120,-9.909058200981365,-18.80464919811852,30.591450661209805,3.6494884490966797,-1.0,-1.0,True
2024-09-25,RELIANCE.NS,120,-3.9578446341060904,-15.415505137798938,41.10979292282607,2.3193485736846924,-1.0,-1.0,True
2024-10-24,RELIANCE.NS,120,-0.6539999694551742,-8.333338669359195,48.900569999266516,3.1696529388427734,-1.0,-1.0,True
2024-11-25,RELIANCE.NS,120,6.308473648330435,-0.12043427951742107,59.64115947834203,1.205582618713379,1.0,-1.0,False
2024-12-23,RELIANCE.NS,120,8.715290574931531,5.636908730855037,62.95519154021639,4.475212097167969,1.0,1.0,True
2025-01-21,RELIANCE.NS,120,7.851855347255715,12.208520970074696,62.44955331364105,2.23065185546875,1.0,1.0,True
2025-02-17,RELIANCE.NS,120,13.811868885231764,16.84218383296993,70.78489903582104,3.1810684204101562,1.0,1.0,True
2025-03-19,RELIANCE.NS,120,17.634969228466375,18.381908195657417,79.61573381070468,1.9214590787887573,1.0,1.0,True
2025-04-22,RELIANCE.NS,120,4.873678566835678,9.870149617960648,56.7728416351317,3.7024168968200684,1.0,1.0,True
2025-05-21,RELIANCE.NS,120,-4.327894666450298,-0.5981341397981088,43.23991291344303,3.4016358852386475,-1.0,-1.0,True
2025-06-18,RELIANCE.NS,120,-5.320707604859099,-1.8331058744384052,40.62214725679153,4.879209518432617,-1.0,-1.0,True
2025-07-16,RELIANCE.NS,120,2.1171857256338598,2.109214426914154,53.90152321303414,4.735693454742432,1.0,1.0,True
2024-01-01,TCS.NS,120,6.12887392954945,0.9490031400143759,60.49456124958258,3.608170986175537,1.0,1.0,True
2024-01-31,TCS.NS,120,4.388244812768847,-1.3809106217585334,57.93519757015099,1.8199974298477173,1.0,-1.0,False
2024-02-28,TCS.NS,120,4.170526573663746,-3.7923878989467115,56.730311544084124,2.4253525733947754,1.0,-1.0,False
2024-04-01,TCS.NS,120,10.166538022727293,12.524182684662492,62.93418841930305,6.44298791885376,1.0,1.0,True
2024-05-02,TCS.NS,120,10.962033992175718,19.00451383651749,66.66347088096867,3.5653696060180664,1.0,1.0,True
2024-07-01,TCS.NS,120,7.146747168003023,2.9279678361127175,62.12962930815111,3.6250782012939453,1.0,1.0,True
2024-07-30,TCS.NS,120,-6.046736056754448,-0.5092540810174733,39.787680015530135,3.0231478214263916,-1.0,-1.0,True
2024-08-28,TCS.NS,120,-9.90068484446811,-7.251987894975434,32.220300678466245,1.8742761611938477,-1.0,-1.0,True
2024-09-25,TCS.NS,120,-7.558120290753426,-0.9993947729616598,38.47545407258407,5.029085636138916,-1.0,-1.0,True
2024-10-24,TCS.NS,120,-5.526498902756943,-4.749010678685001,40.80869409035585,3.4332737922668457,-1.0,-1.0,True
2024-11-25,TCS.NS,120,-12.564744978562825,-13.673972144635444,32.16523050399227,3.12679123878479,-1.0,-1.0,True
2024-12-23,TCS.NS,120,-13.142623379473225,-18.827717142015267,32.66672331191681,4.102691650390625,-1.0,-1.0,True
2025-01-21,TCS.NS,120,-14.173249524669508,-12.637993881533403,31.432071205395374,4.157426357269287,-1.0,-1.0,True
2025-02-17,TCS.NS,120,-11.423352497488505,-9.167745896723273,31.844859593649964,2.498406171798706,-1.0,-1.0,True
2025-03-19,TCS.NS,120,-2.5430176050205877,-7.102679820082204,46.017719970214365,5.063004970550537,-1.0,-1.0,True
2025-04-22,TCS.NS,120,5.805549578002058,-5.359926579444579,57.846500316107154,2.484895706176758,1.0,-1.0,False
2025-05-21,TCS.NS,120,1.5491588280754067,-8.791980873874799,52.449604956968585,2.6335558891296387,1.0,-1.0,False
2025-06-18,TCS.NS,120,-3.1328276736880905,-13.313470736283453,44.48072688190878,3.9400711059570312,-1.0,-1.0,True
2025-07-16,TCS.NS,120,6.868484789848681,-3.5822222491713767,62.77077025341716,3.3447015285491943,1.0,-1.0,False
2024-01-01,HDFCBANK.NS,120,-2.0608526697330327,-10.482304450160667,45.4916895431077,4.197958469390869,-1.0,-1.0,True
2024-01-31,HDFCBANK.NS,120,12.562563336220391,4.990315694303152,65.42634523526618,3.5323503017425537,1.0,1.0,True
2024-02-28,HDFCBANK.NS,120,15.081720597693156,21.988908165134816,73.60264329010835,2.725358247756958,1.0,1.0,True
2024-04-01,HDFCBANK.NS,120,11.088654563471026,11.364241878426276,72.16159169868479,2.0193464756011963,1.0,1.0,True
2024-05-02,HDFCBANK.NS,120,10.916204825479019,8.288644285106866,70.52275762135226,2.3257033824920654,1.0,1.0,True
2024-07-01,HDFCBANK.NS,120,3.920511206452851,2.7357562892081284,57.025395760235995,2.1492292881011963,1.0,1.0,True
2024-07-30,HDFCBANK.NS,120,6.203983728333843,12.178504636324435,60.67173831842339,1.4053453207015991,1.0,1.0,True
2024-08-28,HDFCBANK.NS,120,7.823658224771869,9.385499668499635,67.3481385724182,0.9618130326271057,1.0,1.0,True
2024-09-25,HDFCBANK.NS,120,6.037323684012672,-6.4189719439057535,64.22455820113923,2.4408342838287354,1.0,-1.0,False
2024-10-24,HDFCBANK.NS,120,6.662778606290019,-3.2663681510985456,61.50199837868323,2.2308380603790283,1.0,-1.0,False
2024-11-25,HDFCBANK.NS,120,7.196454678975488,2.0077325212800234,62.136442770686784,1.4088841676712036,1.0,1.0,True
2024-12-23,HDFCBANK.NS,120,9.880886798933203,8.9228190512828,67.45697509075026,2.505619525909424,1.0,1.0,True
2025-01-21,HDFCBANK.NS,120,18.43830636883205,17.316131907395658,81.48519087110026,0.8376533389091492,1.0,1.0,True
2025-02-17,HDFCBANK.NS,120,14.857253121636413,12.359159919206986,75.95814774284139,2.0203545093536377,1.0,1.0,True
2025-03-19,HDFCBANK.NS,120,18.579512251254,15.174471489454191,82.5381021324718,3.16483473777771,1.0,1.0,True
2025-04-22,HDFCBANK.NS,120,12.148818464637102,2.7208256952828096,66.5427592423642,6.986039638519287,1.0,1.0,True
2025-05-21,HDFCBANK.NS,120,4.8304438666358775,2.771924834185029,57.972916158051255,5.179691314697266,1.0,1.0,True
2025-06-18,HDFCBANK.NS,120,0.7617346061649669,4.223649309055939,51.55801785209292,4.133095741271973,1.0,1.0,True
2025-07-16,HDFCBANK.NS,120,0.978030971996751,-0.9061432490979333,52.12660949645128,4.478479385375977,1.0,-1.0,False
2024-01-01,INFY.NS,120,8.102996539021442,-8.431359438897251,64.1423313217646,1.4186478853225708,1.0,-1.0,False
2024-01-31,INFY.NS,120,3.9889955126811247,-14.055641673635868,56.68184719204672,1.0701680183410645,1.0,-1.0,False
2024-02-28,INFY.NS,120,9.403094334588086,-3.974311073072291,64.88182910745091,3.581569194793701,1.0,-1.0,False
2024-04-01,INFY.NS,120,22.867665439712727,28.035560994992746,77.37369729431481,6.707835674285889,1.0,1.0,True
2024-05-02,INFY.NS,120,32.90120908110396,40.16679944512629,90.70876131906473,5.09932279586792,1.0,1.0,True
2024-07-01,INFY.NS,120,14.269417990856105,16.937549561493647,74.58276099875745,2.2576632499694824,1.0,1.0,True
2024-07-30,INFY.NS,120,-0.9392042219654452,3.689774930135239,48.4397005057602,3.059823989868164,-1.0,1.0,False
2024-08-28,INFY.NS,120,-7.4074003597112315,-0.5147751034968168,36.0008100142042,1.3788714408874512,-1.0,-1.0,True
2024-09-25,INFY.NS,120,-8.525845898772948,-0.45427824961964075,35.45512479613153,2.3444230556488037,-1.0,-1.0,True
2024-10-24,INFY.NS,120,-9.855495891435666,-1.4857190804627498,36.37176362854211,2.8415122032165527,-1.0,-1.0,True
2024-11-25,INFY.NS,120,-14.855590524570722,-13.824952987797246,28.909938288553022,2.0776355266571045,-1.0,-1.0,True
2024-12-23,INFY.NS,120,-10.443908050332311,-26.061420619781362,36.01054364715339,6.221226692199707,-1.0,-1.0,True
2025-01-21,INFY.NS,120,-9.263360760568379,-12.89498124074234,38.623804948255824,4.119019508361816,-1.0,-1.0,True
2025-02-17,INFY.NS,120,-9.740124681146998,-9.73383167154649,35.497474749734224,2.5171048641204834,-1.0,-1.0,True
2025-03-19,INFY.NS,120,13.978246959665183,1.2120630230945044,65.70436817810837,5.8874311447143555,1.0,1.0,True
2025-04-22,INFY.NS,120,18.192879542816698,6.638429532688948,67.67808183451575,2.575038433074951,1.0,1.0,True
2025-05-21,INFY.NS,120,10.774839277223188,-0.3967845690082068,63.491420691399355,4.661590576171875,1.0,-1.0,False
2025-06-18,INFY.NS,120,-1.0557938178260022,-9.884255989534136,48.75528479642437,12.595216751098633,-1.0,-1.0,True
2025-07-16,INFY.NS,120,9.252827510394914,-2.643003008252866,63.4923411571155,5.620690822601318,1.0,-1.0,False
2024-01-01,ICICIBANK.NS,120,12.40182221696775,15.10906447283022,74.71594607051868,1.5167914628982544,1.0,1.0,True
2024-01-31,ICICIBANK.NS,120,10.084047667832712,8.320765113179146,64.4960839093093,2.8518869876861572,1.0,1.0,True
2024-02-28,ICICIBANK.NS,120,12.4868269625907,16.602962861412855,69.4488944167543,2.3629751205444336,1.0,1.0,True
2024-04-01,ICICIBANK.NS,120,10.952887036118208,9.984987119566885,68.54294392731221,3.500453233718872,1.0,1.0,True
2024-05-02,ICICIBANK.NS,120,8.679003395230136,8.80529373391672,63.95330203422157,2.5181334018707275,1.0,1.0,True
2024-07-01,ICICIBANK.NS,120,5.988480908743671,10.848339497562037,58.36760103166586,3.1956405639648438,1.0,1.0,True
2024-07-30,ICICIBANK.NS,120,6.800328488170016,8.470582418131416,59.62521585115441,3.487210273742676,1.0,1.0,True
2024-08-28,ICICIBANK.NS,120,4.575564829904757,6.0056315139633965,58.47053163565413,2.951807975769043,1.0,1.0,True
2024-09-25,ICICIBANK.NS,120,4.9006006968046565,-9.223096321211262,59.31338144285413,1.2034118175506592,1.0,-1.0,False
2024-10-24,ICICIBANK.NS,120,9.048040113379477,-1.580526530575372,64.47404293656987,2.63425612449646,1.0,-1.0,False
2024-11-25,ICICIBANK.NS,120,10.120614634980848,3.2860558073310724,66.14079229422634,1.9237724542617798,1.0,1.0,True
2024-12-23,ICICIBANK.NS,120,11.97762799290311,9.230411979916987,71.08737122789519,2.4681339263916016,1.0,1.0,True
2025-01-21,ICICIBANK.NS,120,13.369256292053693,20.77916615375154,69.93187675556207,3.3729231357574463,1.0,1.0,True
2025-02-17,ICICIBANK.NS,120,12.890893943057572,13.751343164806482,73.15573963576864,1.6096627712249756,1.0,1.0,True
2025-03-19,ICICIBANK.NS,120,13.330087362602896,8.04204468029516,73.89281301468714,3.701890707015991,1.0,1.0,True
2025-04-22,ICICIBANK.NS,120,6.424420671760864,1.7746932141462395,59.015566403060646,6.992058277130127,1.0,1.0,True
2025-05-21,ICICIBANK.NS,120,-4.960772449476056,-0.8327059400927866,42.21722203737463,5.75591516494751,-1.0,-1.0,True
2025-06-18,ICICIBANK.NS,120,-3.645180354709099,1.1069009803009768,42.93278077699457,3.8459668159484863,-1.0,1.0,False
2025-07-16,ICICIBANK.NS,120,7.675039175427367,-2.0896207413900294,67.5732073910997,3.1212263107299805,1.0,-1.0,False
2024-01-01,HINDUNILVR.NS,120,-0.9142680591057127,-15.982673772458458,47.96807155443095,4.464781761169434,-1.0,-1.0,True
2024-01-31,HINDUNILVR.NS,120,7.710652786277708,-5.2447140892864414,62.22722498771566,3.1505255699157715,1.0,-1.0,False
2024-02-28,HINDUNILVR.NS,120,10.673660330879928,2.6672043918653157,72.81605673781466,1.6491327285766602,1.0,1.0,True
2024-04-01,HINDUNILVR.NS,120,14.455096331023272,18.88628948162288,78.22120128593494,1.874310851097107,1.0,1.0,True
2024-05-02,HINDUNILVR.NS,120,12.317366668596467,25.99673575073968,75.13228338194776,2.662646770477295,1.0,1.0,True
2024-07-01,HINDUNILVR.NS,120,0.4686803001243942,1.6985290433434825,50.75431773584096,2.7063558101654053,1.0,1.0,True
2024-07-30,HINDUNILVR.NS,120,-8.997206452837663,-6.523129462464479,35.419107878014756,2.270265579223633,-1.0,-1.0,True
2024-08-28,HINDUNILVR.NS,120,-11.237050404315662,-14.631183916398644,29.57942643719629,3.3914458751678467,-1.0,-1.0,True
2024-09-25,HINDUNILVR.NS,120,-10.270364723470562,-20.354218494304842,34.77595722435146,4.223893165588379,-1.0,-1.0,True
2024-10-24,HINDUNILVR.NS,120,-8.465725258607304,-9.475361503616467,39.41634128642818,2.092919111251831,-1.0,-1.0,True
2024-11-25,HINDUNILVR.NS,120,-4.581394727965252,-8.098474220630738,42.628672938403994,1.7091448307037354,-1.0,-1.0,True
2024-12-23,HINDUNILVR.NS,120,1.094634355580411,2.5567554833406545,51.92103279020455,1.4195523262023926,1.0,1.0,True
2025-01-21,HINDUNILVR.NS,120,5.84976374121734,0.9997740341553695,59.96558675585874,1.6398853063583374,1.0,1.0,True
2025-02-17,HINDUNILVR.NS,120,8.988375162791083,-0.03433926273592231,62.71677787473999,2.466731309890747,1.0,-1.0,False
2025-03-19,HINDUNILVR.NS,120,8.458381087869617,15.27890090393714,62.636872417638834,4.106900215148926,1.0,1.0,True
2025-04-22,HINDUNILVR.NS,120,2.1629773618684998,12.472435711314397,53.17913977095873,5.089060306549072,1.0,1.0,True
2025-05-21,HINDUNILVR.NS,120,-4.052458388337338,10.580123035204982,42.88148473936452,2.3663651943206787,-1.0,1.0,False
2025-06-18,HINDUNILVR.NS,120,-1.3430559188588151,12.67300899960137,47.332595027474234,3.1132965087890625,-1.0,1.0,False
2025-07-16,HINDUNILVR.NS,120,2.7678287365388825,-3.6174876430107763,55.9224790516568,2.0614137649536133,1.0,-1.0,False
2024-01-01,SBIN.NS,120,20.61038771599653,28.829819974885357,78.88765435282394,5.424013614654541,1.0,1.0,True
2024-01-31,SBIN.NS,120,20.18430336723459,31.10057952808515,74.48662596296232,5.415102958679199,1.0,1.0,True
2024-02-28,SBIN.NS,120,7.590559689659698,15.57623957847268,59.78412031602218,3.2055366039276123,1.0,1.0,True
2024-04-01,SBIN.NS,120,7.288166152362331,17.029744744628168,60.879620848757085,2.471576452255249,1.0,1.0,True
2024-05-02,SBIN.NS,120,-0.22875612713034457,-0.0930905900483673,49.63447281964729,1.795885682106018,-1.0,-1.0,True
2024-07-01,SBIN.NS,120,-5.011768131600134,-1.0986414674760152,43.54317077128961,4.259338855743408,-1.0,-1.0,True
2024-07-30,SBIN.NS,120,-10.702006592405068,-4.434007420210622,35.24579368701347,4.272351264953613,-1.0,-1.0,True
2024-08-28,SBIN.NS,120,-5.972911261303023,0.37682578353578705,41.051395763392264,6.374204635620117,-1.0,1.0,False
2024-09-25,SBIN.NS,120,-1.441820788173351,-5.9513270497973485,47.57960830019421,3.9677300453186035,-1.0,-1.0,True
2024-10-24,SBIN.NS,120,0.17596818312033305,-9.130953047010037,50.27227121244038,4.55883264541626,1.0,-1.0,False
2024-11-25,SBIN.NS,120,-1.5016006077524524,-8.478892809895536,48.21199832346293,3.4286916255950928,-1.0,-1.0,True
2024-12-23,SBIN.NS,120,7.365651482883481,0.1522265512008398,60.68639942673264,4.3401689529418945,1.0,1.0,True
2025-01-21,SBIN.NS,120,8.727693157390927,5.777569982303208,61.159799108824394,2.3534765243530273,1.0,1.0,True
2025-02-17,SBIN.NS,120,15.47618237337486,11.063490357759976,68.96825285909011,4.668262004852295,1.0,1.0,True
2025-03-19,SBIN.NS,120,19.987110777572646,13.494298727954412,78.28989804373268,4.858417510986328,1.0,1.0,True
2025-04-22,SBIN.NS,120,3.04575963464355,2.8203935930820356,53.777494669309576,6.103748798370361,1.0,1.0,True
2025-05-21,SBIN.NS,120,-15.382618646739541,8.54402262558036,29.410886552878466,4.229028224945068,-1.0,1.0,False
2025-06-18,SBIN.NS,120,2.9272833695615628,12.002776217022788,55.71808553401959,3.077338218688965,1.0,1.0,True
2025-07-16,SBIN.NS,120,8.888690687364782,14.70481976649595,69.47560768246225,2.8179802894592285,1.0,1.0,True
2024-01-01,BHARTIARTL.NS,120,33.314070346108345,30.52663500679089,92.57047692446432,3.0767359733581543,1.0,1.0,True
2024-01-31,BHARTIARTL.NS,120,24.077565624525626,17.63475882613905,81.00977863396747,2.1477086544036865,1.0,1.0,True
2024-02-28,BHARTIARTL.NS,120,26.696793475708084,30.746414256715937,81.49524602167975,4.632083415985107,1.0,1.0,True
2024-04-01,BHARTIARTL.NS,120,21.75176735318577,20.782845506334287,75.85803697443822,7.404359340667725,1.0,1.0,True
2024-05-02,BHARTIARTL.NS,120,16.82505245642677,22.534063170619635,72.26345395187705,5.399410724639893,1.0,1.0,True
2024-07-01,BHARTIARTL.NS,120,10.767566214063777,13.220303748529194,61.95201153189289,3.0633444786071777,1.0,1.0,True
2024-07-30,BHARTIARTL.NS,120,10.35057090770894,7.895541443311188,63.34580813612142,4.843964576721191,1.0,1.0,True
2024-08-28,BHARTIARTL.NS,120,7.385077723816548,2.772518990752628,61.009501766234905,4.416849613189697,1.0,1.0,True
2024-09-25,BHARTIARTL.NS,120,-0.8644095257244108,-7.066575665429069,48.539696784323645,2.500049352645874,-1.0,-1.0,True
2024-10-24,BHARTIARTL.NS,120,4.172703845592647,-2.335487553854291,57.01268800549669,1.446274757385254,1.0,-1.0,False
2024-11-25,BHARTIARTL.NS,120,13.81734109546164,9.612029474429741,68.2451961319531,3.5610430240631104,1.0,1.0,True
2024-12-23,BHARTIARTL.NS,120,13.081511308793345,16.718127089844423,67.84931753696087,1.9753650426864624,1.0,1.0,True
2025-01-21,BHARTIARTL.NS,120,14.060557493376281,12.074525286884493,70.72074049711885,3.8987274169921875,1.0,1.0,True
2025-02-17,BHARTIARTL.NS,120,11.673080884390005,10.697980092721968,67.73080842013732,1.2484146356582642,1.0,1.0,True
2025-03-19,BHARTIARTL.NS,120,11.120602880798105,17.88168921658637,64.8268051767086,5.144624710083008,1.0,1.0,True
2025-04-22,BHARTIARTL.NS,120,-0.014527730477416624,4.984413614367426,49.98097202176627,3.261216640472412,-1.0,1.0,False
2025-05-21,BHARTIARTL.NS,120,-11.187804198077798,7.3979366130623365,34.60663432012016,3.767225742340088,-1.0,1.0,False
2025-06-18,BHARTIARTL.NS,120,7.9922826804800895,6.321196606997632,64.76989494403946,2.924368381500244,1.0,1.0,True
2025-07-16,BHARTIARTL.NS,120,15.599953202094309,8.917034786532852,73.25420320598572,6.750133991241455,1.0,1.0,True
2024-01-01,ITC.NS,120,1.457704858154892,-5.555311760997746,52.7895699293228,4.15921688079834,1.0,-1.0,False
2024-01-31,ITC.NS,120,7.567529460846253,-2.5987918653963327,61.216706465843714,3.5584564208984375,1.0,-1.0,False
2024-02-28,ITC.NS,120,14.76344264357384,6.085921878184612,71.24684432673668,3.550708055496216,1.0,1.0,True
2024-04-01,ITC.NS,120,12.238664018130967,16.847731184720296,70.4386721092209,1.7983088493347168,1.0,1.0,True
2024-05-02,ITC.NS,120,10.444678729583815,16.35582273475374,68.63284433751942,3.430001974105835,1.0,1.0,True
2024-07-01,ITC.NS,120,6.109519672600075,13.728018971258937,62.44659817104981,2.3632290363311768,1.0,1.0,True
2024-07-30,ITC.NS,120,-9.520549886224918,-2.643391450486893,35.278619631109365,0.5051791667938232,-1.0,-1.0,True
2024-08-28,ITC.NS,120,-10.919482456167792,-4.092089454881341,29.4581120651638,1.143833041191101,-1.0,-1.0,True
2024-09-25,ITC.NS,120,-8.037852017003601,-14.945413114394498,35.63103116738912,4.666248798370361,-1.0,-1.0,True
2024-10-24,ITC.NS,120,-5.692009586713172,-13.6680210880124,40.677629623498085,3.76914644241333,-1.0,-1.0,True
2024-11-25,ITC.NS,120,-7.8398389103471615,-12.695383498113651,36.517995254127285,1.19144868850708,-1.0,-1.0,True
2024-12-23,ITC.NS,120,-5.982362443583823,-7.1282832428946366,40.223164556693916,1.986798644065857,-1.0,-1.0,True
2025-01-21,ITC.NS,120,-1.0514785196212106,0.5221479417484722,48.44758571811746,2.173085927963257,-1.0,1.0,False
2025-02-17,ITC.NS,120,3.7053385389907563,4.03587952178386,55.40643040343005,1.3655792474746704,1.0,1.0,True
2025-03-19,ITC.NS,120,11.515359256093992,7.123516428877341,69.29509867903069,1.8635549545288086,1.0,1.0,True
2025-04-22,ITC.NS,120,5.356831716589489,-4.628348307243974,58.37413952537436,4.906844615936279,1.0,-1.0,False
2025-05-21,ITC.NS,120,-0.9656234002309014,-3.2025828014644717,48.3947174231549,4.6054582595825195,-1.0,-1.0,True
2025-06-18,ITC.NS,120,12.638379237606435,-2.5847559888821796,71.8601523009235,5.860534191131592,1.0,-1.0,False
2025-07-16,ITC.NS,120,13.405874442194685,-4.451246732171887,77.93850814460872,5.442808628082275,1.0,-1.0,False
2024-01-01,KOTAKBANK.NS,120,-2.1361362640241146,-14.93859231512057,45.74465293634151,3.4575390815734863,-1.0,-1.0,True
2024-01-31,KOTAKBANK.NS,120,2.522224316496708,-7.404464826675627,53.893005477804635,3.074371576309204,1.0,-1.0,False
2024-02-28,KOTAKBANK.NS,120,5.754197981706662,8.728323384384298,59.7581294863265,1.9736170768737793,1.0,1.0,True
2024-04-01,KOTAKBANK.NS,120,1.951609515137884,-0.14756281206702787,53.61534255354099,2.6419007778167725,1.0,-1.0,False
2024-05-02,KOTAKBANK.NS,120,7.444473243400882,13.14390595853136,57.624190178886394,6.113334655761719,1.0,1.0,True
2024-07-01,KOTAKBANK.NS,120,2.276422273418119,-2.542496971993477,53.44910838800288,3.3173840045928955,1.0,-1.0,False
2024-07-30,KOTAKBANK.NS,120,4.451745452311101,-0.1623687527801287,56.09730848575869,3.162731409072876,1.0,-1.0,False
2024-08-28,KOTAKBANK.NS,120,5.4458449201083505,-2.149278410384466,60.4719054589343,2.521676540374756,1.0,-1.0,False
2024-09-25,KOTAKBANK.NS,120,6.529847652959549,-0.16333441746450975,63.60656034012213,1.6760615110397339,1.0,-1.0,False
2024-10-24,KOTAKBANK.NS,120,15.462892200287262,10.830221708836833,70.77269496931305,3.088719129562378,1.0,1.0,True
2024-11-25,KOTAKBANK.NS,120,12.548399286978695,21.178276290134466,70.23733862973818,2.876664161682129,1.0,1.0,True
2024-12-23,KOTAKBANK.NS,120,15.314090886436402,29.991126245593847,73.93548210299664,5.13860559463501,1.0,1.0,True
2025-01-21,KOTAKBANK.NS,120,10.865750477561877,9.401582179042519,65.42064484525913,1.3480727672576904,1.0,1.0,True
2025-02-17,KOTAKBANK.NS,120,9.146831269705467,9.844243578752653,64.06830204475496,1.4858919382095337,1.0,1.0,True
2025-03-19,KOTAKBANK.NS,120,11.182703416002136,7.382942516525287,67.10815254742724,5.820680618286133,1.0,1.0,True
2025-04-22,KOTAKBANK.NS,120,3.42710269160497,-10.973817596775284,54.739482542559614,3.153141498565674,1.0,-1.0,False
2025-05-21,KOTAKBANK.NS,120,-7.541954923061991,-0.6918939968315874,39.173862865090705,3.422253131866455,-1.0,-1.0,True
2025-06-18,KOTAKBANK.NS,120,7.144295537401175,3.542619303364839,60.02448201656282,8.513456344604492,1.0,1.0,True
2025-07-16,KOTAKBANK.NS,120,10.810081195219945,-4.671351292911535,67.06297437033793,4.604875564575195,1.0,-1.0,False
